frame_id,timestamp,tracking_state,error_px,latency_ms,atmosphere,gaussian_std,sp_density,platform_offset,jitter_offset
0,0.03333333333333333,BEACON_DETECTED,13.579818639097644,40.51637649536133,Fog,12.0,0.04,"(0.335005229833597, 7.992982640790867)","(3.28747258267156, -0.7334587229753726)"
1,0.06666666666666667,BEACON_DETECTED,19.774609173711696,11.94310188293457,Fog,12.0,0.04,"(0.6694227466585239, 7.971942873996035)","(4.30317503893659, 2.3684163487123673)"
2,0.1,ACQUISITION,20.244525551632776,11.293649673461914,Fog,12.0,0.04,"(1.002665868514434, 7.936917610515823)","(-4.869871825348206, 5.707468219641072)"
3,0.13333333333333333,LOCKED,22.72183187680267,13.150215148925781,Fog,12.0,0.04,"(1.334149973728818, 7.88796829656404)","(3.1336764238842356, 3.4327716633234466)"
4,0.16666666666666666,LOCKED,15.608174669631241,10.498285293579102,Fog,12.0,0.04,"(1.6632935265420745, 7.8251808058704455)","(-4.4626364078934495, -0.5953687452531948)"
5,0.19999999999999998,LOCKED,25.46814709528723,9.895563125610352,Fog,12.0,0.04,"(1.989519097318838, 7.7486652890290495)","(-1.5504237092090252, 5.121179866183223)"
6,0.2333333333333333,LOCKED,24.7847627397338,10.446786880493164,Fog,12.0,0.04,"(2.3122543755557725, 7.658555980256538)","(1.726381440967975, 3.8731393592499597)"
7,0.26666666666666666,LOCKED,18.852577612938514,9.790897369384766,Fog,12.0,0.04,"(2.630933173908666, 7.555010961899849)","(-0.6790296140720269, -3.2731353385826774)"
8,0.3,LOCKED,20.03939175830214,9.467601776123047,Fog,12.0,0.04,"(2.9449964214774234, 7.438211887106012)","(0.6550174441900172, -5.234192926749897)"
9,0.3333333333333333,LOCKED,28.377017300266555,9.871244430541992,Fog,12.0,0.04,"(3.2538931446064012, 7.308363661140807)","(3.9315740639109844, 1.5799727894647777)"
10,0.36666666666666664,LOCKED,24.745609593790544,9.647130966186523,Fog,12.0,0.04,"(3.5570814334794196, 7.165694081915303)","(3.097052881024485, -1.74568838244158)"
11,0.39999999999999997,LOCKED,29.78022209300821,10.051250457763672,Fog,12.0,0.04,"(3.8540293928137217, 7.010453440350909)","(5.648376292738838, 4.717453455866373)"
12,0.4333333333333333,LOCKED,20.17122174754612,10.085105895996094,Fog,12.0,0.04,"(4.144216074985041, 6.842914081284054)","(3.340601964885142, -3.664335505776389)"
13,0.4666666666666666,LOCKED,17.59080437572347,9.624242782592773,Fog,12.0,0.04,"(4.427132393946752, 6.663369925680796)","(-0.39934795527558986, -5.474354810553255)"
14,0.49999999999999994,LOCKED,23.59914518361054,9.68313217163086,Fog,12.0,0.04,"(4.702282018339784, 6.47213595499958)","(-4.1485260951894265, 2.1965874389094555)"
15,0.5333333333333333,LOCKED,30.583587422025026,10.41412353515625,Fog,12.0,0.04,"(4.969182242226482, 6.269547658606719)","(2.937145870893806, 5.610116789210521)"
16,0.5666666666666667,LOCKED,18.845213038211927,10.160684585571289,Fog,12.0,0.04,"(5.227364831920843, 6.055960445214051)","(-2.0900957023421767, -1.5544835275815734)"
17,0.6,LOCKED,19.726777436280567,9.661674499511719,Fog,12.0,0.04,"(5.476376847429509, 5.831749019371292)","(-0.3653302646903054, -3.7263436909885717)"
18,0.6333333333333333,LOCKED,20.73720457618368,9.514808654785156,Fog,12.0,0.04,"(5.715781437062427, 5.597306724106923)","(-4.44094193597434, -0.2915408852887946)"
19,0.6666666666666666,LOCKED,24.330578706665275,9.983539581298828,Fog,12.0,0.04,"(5.945158603819153, 5.353044850870866)","(-3.2770878113893906, 2.037767936190125)"
20,0.7,LOCKED,26.04424476220027,10.629653930664062,Fog,12.0,0.04,"(6.164105942206313, 5.099391917989519)","(-0.7541769735320312, 3.992138352694049)"
21,0.7333333333333333,LOCKED,23.512309517004642,10.15782356262207,Fog,12.0,0.04,"(6.37223934419357, 4.8367929188989995)","(2.403181224026989, -2.251600303415507)"
22,0.7666666666666666,LOCKED,27.794520278064077,9.770870208740234,Fog,12.0,0.04,"(6.569193673069631, 4.565708541475455)","(3.987117616742413, 3.657172289961622)"
23,0.7999999999999999,LOCKED,17.90210865486251,9.839534759521484,Fog,12.0,0.04,"(6.75462340401612, 4.286614359831974)","(-1.350259451637907, -2.5400627528370707)"
24,0.8333333333333333,LOCKED,21.319559575286625,11.0321044921875,Fog,12.0,0.04,"(6.928203230275509, 4.000000000000001)","(2.1899460476997064, -4.322970196688282)"
25,0.8666666666666666,LOCKED,15.146091046646005,11.018514633178711,Fog,12.0,0.04,"(7.089628633849718, 3.7063682809588943)","(-3.6011015702987, -5.911652762987934)"
26,0.8999999999999999,LOCKED,28.66675710717898,9.64212417602539,Fog,12.0,0.04,"(7.238616419728156, 3.4062343325205826)","(3.4430925300256607, 1.9782102791043856)"
27,0.9333333333333332,LOCKED,26.508212023138825,9.973287582397461,Fog,12.0,0.04,"(7.374905212708004, 3.100124691616825)","(2.461984543516021, 3.368748372263614)"
28,0.9666666666666666,LOCKED,20.606745976571336,9.937047958374023,Fog,12.0,0.04,"(7.498255915935132, 2.7885763785745223)","(-0.49301069353992055, 0.8248943514347253)"
29,0.9999999999999999,LOCKED,13.271224437124202,9.635686874389648,Fog,12.0,0.04,"(7.608452130361228, 2.4721359549995814)","(-4.322436022468111, -4.625639117568319)"
30,1.0333333333333332,LOCKED,23.92380097127307,10.251522064208984,Fog,12.0,0.04,"(7.705300534381265, 2.1513585649221274)","(2.02083554148566, -0.3468455262824097)"
31,1.0666666666666667,LOCKED,24.14670362036198,9.883880615234375,Fog,12.0,0.04,"(7.788631222985281, 1.826806960885247)","(0.7828332777742659, 3.179986288992307)"
32,1.1,LOCKED,21.397273124783762,9.320735931396484,Fog,12.0,0.04,"(7.85829800582951, 1.4990505166857961)","(1.6166198400070897, 0.6429528078959503)"
33,1.1333333333333335,LOCKED,18.114323900171655,9.829998016357422,Fog,12.0,0.04,"(7.914178663703907, 1.1686642284992914)","(0.7104859289449621, -2.3525988232486537)"
34,1.166666666666667,LOCKED,15.830753687192523,9.778499603271484,Fog,12.0,0.04,"(7.956175162946187, 0.8362277061412259)","(-5.630185985184728, -0.7593913292116516)"
35,1.2000000000000004,LOCKED,17.633269758731544,10.233402252197266,Fog,12.0,0.04,"(7.9842138274261725, 0.5023241562345029)","(-3.4249839261656496, -1.0976562753043666)"
36,1.2333333333333338,LOCKED,23.766591486883467,10.29205322265625,Fog,12.0,0.04,"(7.998245467798764, 0.16753935906685108)","(4.240836879217994, -3.192726169615911)"
37,1.2666666666666673,LOCKED,14.8876017317664,9.950637817382812,Fog,12.0,0.04,"(7.998245467798764, -0.16753935906686074)","(-5.300367099731208, -2.6233932957360415)"
38,1.3000000000000007,LOCKED,21.764445663010697,9.836673736572266,Fog,12.0,0.04,"(7.9842138274261725, -0.5023241562345143)","(-2.4768749067997966, 1.9429981767227407)"
39,1.3333333333333341,LOCKED,23.193673241442422,10.200262069702148,Fog,12.0,0.04,"(7.956175162946186, -0.8362277061412355)","(0.6843858280953405, 3.406778509276961)"
40,1.3666666666666676,LOCKED,19.881596852960413,10.650157928466797,Fog,12.0,0.04,"(7.914178663703906, -1.168664228499301)","(1.97176248392865, -1.1233576627191537)"
41,1.400000000000001,LOCKED,19.96252283501741,10.046958923339844,Fog,12.0,0.04,"(7.858298005829507, -1.4990505166858072)","(3.7682446159924154, -3.996324961107553)"
42,1.4333333333333345,LOCKED,10.881555432826097,10.015010833740234,Fog,12.0,0.04,"(7.78863122298528, -1.8268069608852566)","(-5.727455122393675, -4.9194256706922985)"
43,1.466666666666668,LOCKED,21.40329246806026,9.490013122558594,Fog,12.0,0.04,"(7.705300534381262, -2.1513585649221367)","(2.6683122071574026, -0.4574732369833514)"
44,1.5000000000000013,LOCKED,16.69942230305754,10.070562362670898,Fog,12.0,0.04,"(7.608452130361225, -2.4721359549995925)","(-4.0647386515967785, 0.012537301240362453)"
45,1.5333333333333348,LOCKED,17.45418249730684,10.021448135375977,Fog,12.0,0.04,"(7.498255915935127, -2.7885763785745348)","(-4.172254767441979, 2.3558445009328324)"
46,1.5666666666666682,LOCKED,17.44427469676286,9.307146072387695,Fog,12.0,0.04,"(7.374905212707999, -3.1001246916168372)","(-0.6461246931116316, -1.4277452868422102)"
47,1.6000000000000016,LOCKED,17.84350646637793,9.690046310424805,Fog,12.0,0.04,"(7.2386164197281495, -3.4062343325205946)","(-2.3818549302254817, 1.5633911174266615)"
48,1.633333333333335,LOCKED,14.294634656045185,9.499073028564453,Fog,12.0,0.04,"(7.089628633849711, -3.7063682809589076)","(-1.6582486733593154, -4.948200968206788)"
49,1.6666666666666685,LOCKED,18.706271823224355,10.176658630371094,Fog,12.0,0.04,"(6.928203230275499, -4.000000000000017)","(-4.583929174553816, 5.542771974594174)"
50,1.700000000000002,LOCKED,23.321770462941583,11.452436447143555,Fog,12.0,0.04,"(6.75462340401611, -4.28661435983199)","(4.902968288491284, 2.3964856057289943)"
51,1.7333333333333354,LOCKED,17.877605772818423,11.497259140014648,Fog,12.0,0.04,"(6.569193673069621, -4.565708541475471)","(-2.809560462485765, 5.630116528172687)"
52,1.7666666666666688,LOCKED,19.756325068185404,10.210990905761719,Fog,12.0,0.04,"(6.372239344193558, -4.8367929188990155)","(3.345010847589535, 2.602682269907948)"
53,1.8000000000000023,LOCKED,12.58531992776758,10.393381118774414,Fog,12.0,0.04,"(6.1641059422063, -5.099391917989534)","(-0.6076619742745359, -2.7331012578580918)"
54,1.8333333333333357,LOCKED,14.806217716442259,10.641098022460938,Fog,12.0,0.04,"(5.945158603819139, -5.353044850870882)","(-4.8433084541580085, 4.8312287585261)"
55,1.8666666666666691,LOCKED,13.903689687119524,10.300159454345703,Fog,12.0,0.04,"(5.715781437062409, -5.597306724106941)","(-0.5306845219966672, -3.571639622457236)"
56,1.9000000000000026,LOCKED,13.129388842274802,10.083913803100586,Fog,12.0,0.04,"(5.47637684742949, -5.83174901937131)","(-2.32852051019217, 0.9506348273027516)"
57,1.933333333333336,LOCKED,14.694837085360453,9.65428352355957,Fog,12.0,0.04,"(5.2273648319208235, -6.055960445214069)","(-3.8787266047292195, 4.279371409108506)"
58,1.9666666666666694,LOCKED,19.02563058522097,10.66279411315918,Fog,12.0,0.04,"(4.969182242226462, -6.269547658606736)","(3.102234358022521, 2.633555471411242)"
59,2.0000000000000027,LOCKED,13.500252899917061,9.607076644897461,Fog,12.0,0.04,"(4.702282018339763, -6.472135954999596)","(-0.8148835226987554, 1.5277060884293183)"
60,2.033333333333336,LOCKED,14.840914158590794,10.802268981933594,Fog,12.0,0.04,"(4.427132393946732, -6.66336992568081)","(1.0091756269528265, 1.7981592186578403)"
61,2.066666666666669,LOCKED,7.43391616186863,13.33761215209961,Fog,12.0,0.04,"(4.14421607498502, -6.842914081284066)","(-4.986668146321331, -1.0103111739526849)"
62,2.1000000000000023,LOCKED,9.567858963692318,12.691497802734375,Fog,12.0,0.04,"(3.854029392813703, -7.010453440350919)","(-5.50062991365729, -0.07211016906577328)"
63,2.1333333333333355,LOCKED,11.20421153892358,10.492563247680664,Fog,12.0,0.04,"(3.5570814334793996, -7.165694081915313)","(-2.0416654520065762, -4.265709733607437)"
64,2.1666666666666687,LOCKED,12.189234380123592,10.360240936279297,Fog,12.0,0.04,"(3.253893144606384, -7.308363661140815)","(-4.75916438732938, 1.051734866132545)"
65,2.200000000000002,LOCKED,14.165789540442885,11.57689094543457,Fog,12.0,0.04,"(2.944996421477405, -7.438211887106019)","(-3.9528843775573668, 5.101441420521567)"
66,2.233333333333335,LOCKED,15.516738846325584,9.935617446899414,Fog,12.0,0.04,"(2.6309331739086503, -7.555010961899854)","(0.9727336764047401, -1.8375623455819552)"
67,2.2666666666666684,LOCKED,15.342923458034958,9.919166564941406,Fog,12.0,0.04,"(2.3122543755557565, -7.658555980256543)","(1.090985897777001, -5.72635354764363)"
68,2.3000000000000016,LOCKED,18.729964186170598,9.66024398803711,Fog,12.0,0.04,"(1.9895190973188248, -7.748665289029052)","(5.502710558897345, -0.21235875668519721)"
69,2.333333333333335,LOCKED,13.297326076978813,9.95945930480957,Fog,12.0,0.04,"(1.6632935265420605, -7.825180805870448)","(3.392822727003434, -5.007240000930738)"
70,2.366666666666668,LOCKED,9.959469428293284,11.422395706176758,Fog,12.0,0.04,"(1.334149973728807, -7.887968296564042)","(-0.1601000299420754, -0.11151606774574851)"
71,2.4000000000000012,LOCKED,16.431074006911135,14.69874382019043,Fog,12.0,0.04,"(1.0026658685144223, -7.936917610515824)","(5.253917459699794, 0.860736628512905)"
72,2.4333333333333345,LOCKED,7.647035869540033,10.2081298828125,Fog,12.0,0.04,"(0.6694227466585152, -7.971942873996036)","(-0.31812718731655387, -2.796292042897277)"
73,2.4666666666666677,LOCKED,8.432006780924812,10.365009307861328,Fog,12.0,0.04,"(0.3350052298335878, -7.992982640790867)","(-2.0211720318893738, 0.2480688296584539)"
74,2.500000000000001,LOCKED,9.096126688980824,10.374784469604492,Fog,12.0,0.04,"(-9.67842359708362e-15, -8.0)","(-0.7330624763394393, -5.740655041436035)"
75,2.533333333333334,LOCKED,16.668842901144313,9.858846664428711,Fog,12.0,0.04,"(-0.3350052298336036, -7.992982640790866)","(3.915503090332294, 4.7539292620772)"
76,2.5666666666666673,LOCKED,4.82428696754665,10.18834114074707,Fog,12.0,0.04,"(-0.669422746658531, -7.971942873996034)","(-4.317010932016671, 0.6484337224685923)"
77,2.6000000000000005,LOCKED,5.911726998378569,10.9405517578125,Fog,12.0,0.04,"(-1.0026658685144378, -7.936917610515822)","(-4.697091106374677, 2.06688111647774)"
78,2.6333333333333337,LOCKED,8.836410147484903,10.088443756103516,Fog,12.0,0.04,"(-1.3341499737288225, -7.887968296564039)","(-2.6251945939319, 1.9130716163028207)"
79,2.666666666666667,LOCKED,14.583870001220049,9.559392929077148,Fog,12.0,0.04,"(-1.663293526542076, -7.825180805870445)","(2.7239353714425913, 3.2237699030118847)"
80,2.7,LOCKED,6.615017975368011,10.486125946044922,Fog,12.0,0.04,"(-1.9895190973188401, -7.748665289029049)","(-4.707108648529241, 4.9921421416512946)"
81,2.7333333333333334,LOCKED,11.091418843781915,9.983301162719727,Fog,12.0,0.04,"(-2.3122543755557716, -7.658555980256539)","(-3.23743210926143, -5.551049325885843)"
82,2.7666666666666666,LOCKED,11.67951283039039,9.594202041625977,Fog,12.0,0.04,"(-2.630933173908665, -7.555010961899849)","(0.6582296326978003, -1.5489325936507345)"
83,2.8,LOCKED,15.077104206444707,10.64157485961914,Fog,12.0,0.04,"(-2.94499642147742, -7.4382118871060126)","(3.9574769175889575, 3.699017664771622)"
84,2.833333333333333,LOCKED,9.422768511127218,9.939193725585938,Fog,12.0,0.04,"(-3.2538931446063986, -7.308363661140809)","(-2.194333286127416, 5.43479274083694)"
85,2.8666666666666663,LOCKED,7.304769767155994,9.526491165161133,Fog,12.0,0.04,"(-3.557081433479414, -7.165694081915306)","(-2.5089859423185765, 0.18068555078057447)"
86,2.8999999999999995,LOCKED,8.342004558377004,11.265039443969727,Fog,12.0,0.04,"(-3.854029392813717, -7.010453440350911)","(-2.928418913188767, 5.23252284058756)"
87,2.9333333333333327,LOCKED,10.110614677031622,10.837793350219727,Fog,12.0,0.04,"(-4.144216074985033, -6.842914081284058)","(-4.024706189015783, -5.461072567292052)"
88,2.966666666666666,LOCKED,10.88326818855388,9.73963737487793,Fog,12.0,0.04,"(-4.427132393946746, -6.663369925680801)","(-0.7788352799635447, 5.908506768670044)"
89,2.999999999999999,LOCKED,14.815624778231733,9.842157363891602,Fog,12.0,0.04,"(-4.702282018339775, -6.472135954999587)","(4.700127195058968, 2.98329623348339)"
90,3.0333333333333323,LOCKED,13.016603562873785,9.673833847045898,Fog,12.0,0.04,"(-4.9691822422264735, -6.269547658606725)","(4.689509890542299, 4.721359676374359)"
91,3.0666666666666655,LOCKED,10.618729826290965,9.759187698364258,Fog,12.0,0.04,"(-5.227364831920835, -6.055960445214058)","(0.22630032463738914, -2.208851378030484)"
92,3.0999999999999988,LOCKED,11.676484228290574,10.588645935058594,Fog,12.0,0.04,"(-5.476376847429499, -5.831749019371302)","(3.2641491853318563, 1.9399351580131334)"
93,3.133333333333332,LOCKED,11.914624293793011,9.611845016479492,Fog,12.0,0.04,"(-5.715781437062417, -5.597306724106933)","(-1.5161072535154787, -4.866399983261816)"
94,3.166666666666665,LOCKED,11.667098780196392,11.122941970825195,Fog,12.0,0.04,"(-5.945158603819143, -5.353044850870878)","(2.961475336188311, -2.850473808925624)"
95,3.1999999999999984,LOCKED,14.256374022414969,9.81450080871582,Fog,12.0,0.04,"(-6.164105942206302, -5.099391917989533)","(5.241757806405351, -3.108353099931783)"
96,3.2333333333333316,LOCKED,1.7647135547535933,10.046720504760742,Fog,12.0,0.04,"(-6.3722393441935585, -4.836792918899015)","(-4.526904811062168, 3.973352065498874)"
97,3.266666666666665,LOCKED,9.76754244217453,10.098695755004883,Fog,12.0,0.04,"(-6.569193673069622, -4.565708541475469)","(-4.160588200506071, -3.848780302107131)"
98,3.299999999999998,LOCKED,8.462953418230517,9.592056274414062,Fog,12.0,0.04,"(-6.754623404016111, -4.286614359831988)","(1.1925934982501225, 4.494744490049573)"
99,3.3333333333333313,LOCKED,10.081084103854671,10.347843170166016,Fog,12.0,0.04,"(-6.928203230275496, -4.000000000000021)","(-3.642784011425121, -2.2761159251988627)"
100,3.3666666666666645,LOCKED,12.741399413371239,10.612726211547852,Fog,12.0,0.04,"(-7.089628633849706, -3.7063682809589156)","(3.328858058894131, 5.661917112731608)"
101,3.3999999999999977,LOCKED,14.773331043534506,10.27679443359375,Fog,12.0,0.04,"(-7.238616419728146, -3.406234332520603)","(0.008894234428107772, -4.273229969384991)"
102,3.433333333333331,LOCKED,8.8804616314275,10.169267654418945,Fog,12.0,0.04,"(-7.374905212707995, -3.1001246916168457)","(-5.832764547501581, -3.244127640013737)"
103,3.466666666666664,LOCKED,6.508129281985051,10.44774055480957,Fog,12.0,0.04,"(-7.498255915935122, -2.7885763785745503)","(-4.418133386561747, 2.1319040833542893)"
104,3.4999999999999973,LOCKED,8.702339853180685,9.69696044921875,Fog,12.0,0.04,"(-7.608452130361219, -2.4721359549996076)","(-4.5380099444576265, 0.07595917944759556)"
105,3.5333333333333306,LOCKED,14.040646709727516,10.777473449707031,Fog,12.0,0.04,"(-7.705300534381258, -2.151358564922154)","(2.331149227714638, 0.9733993106508283)"
106,3.5666666666666638,LOCKED,6.132386116459174,10.186910629272461,Fog,12.0,0.04,"(-7.788631222985275, -1.826806960885274)","(-3.6026921800793086, 3.6494943141871516)"
107,3.599999999999997,LOCKED,13.981028609482248,9.636640548706055,Fog,12.0,0.04,"(-7.858298005829504, -1.499050516685825)","(2.5848855553896204, 2.8678080469865)"
108,3.63333333333333,LOCKED,14.77857344179206,10.109663009643555,Fog,12.0,0.04,"(-7.914178663703901, -1.1686642284993276)","(-4.427306981312241, -4.514954356195865)"
109,3.6666666666666634,LOCKED,16.881490280920715,10.362625122070312,Fog,12.0,0.04,"(-7.956175162946183, -0.8362277061412622)","(5.130750612078092, -1.2290616741007128)"
110,3.6999999999999966,LOCKED,10.333236519304256,9.632349014282227,Fog,12.0,0.04,"(-7.984213827426171, -0.5023241562345411)","(-2.388615698628723, -0.1369914557816001)"
111,3.73333333333333,LOCKED,10.328855830872769,11.490106582641602,Fog,12.0,0.04,"(-7.998245467798763, -0.16753935906688935)","(1.9543705531629891, 5.467479084563639)"
112,3.766666666666663,LOCKED,6.541910263200719,10.6201171875,Fog,12.0,0.04,"(-7.998245467798765, 0.16753935906681536)","(-2.56264527741534, 5.0977011517443245)"
113,3.7999999999999963,LOCKED,11.272304404320723,9.919881820678711,Fog,12.0,0.04,"(-7.984213827426175, 0.5023241562344672)","(-5.701686103364924, 0.6623765079218966)"
114,3.8333333333333295,LOCKED,19.76514301088099,9.88149642944336,Fog,12.0,0.04,"(-7.956175162946191, 0.8362277061411886)","(1.607701340173021, -4.729231154990961)"
115,3.8666666666666627,LOCKED,11.918706234410823,11.244058609008789,Fog,12.0,0.04,"(-7.914178663703912, 1.1686642284992543)","(-4.315924835233048, -0.970628168204354)"
116,3.899999999999996,LOCKED,15.8056715877361,9.541988372802734,Fog,12.0,0.04,"(-7.858298005829518, 1.4990505166857522)","(5.59478294571818, 1.1525106388124744)"
117,3.933333333333329,LOCKED,14.669630226430034,11.408805847167969,Fog,12.0,0.04,"(-7.788631222985292, 1.826806960885202)","(5.196278659202534, 3.652330987355649)"
118,3.9666666666666623,LOCKED,9.88916694972715,10.243892669677734,Fog,12.0,0.04,"(-7.705300534381277, 2.1513585649220826)","(-0.3914207813365014, 3.4171613910262497)"
119,3.9999999999999956,LOCKED,17.83932009797474,9.831905364990234,Fog,12.0,0.04,"(-7.6084521303612425, 2.4721359549995374)","(-5.785958592276147, -4.69027203881118)"
120,4.033333333333329,LOCKED,14.28205627346198,11.455535888671875,Fog,12.0,0.04,"(-7.498255915935149, 2.788576378574474)","(3.953143378592836, 3.561805059901941)"
121,4.066666666666662,LOCKED,13.31394081306542,11.291980743408203,Fog,12.0,0.04,"(-7.374905212708024, 3.1001246916167773)","(-3.2083110964027957, 0.36923508718864184)"
122,4.099999999999995,LOCKED,10.988242036793705,12.680292129516602,Fog,12.0,0.04,"(-7.238616419728177, 3.406234332520536)","(1.2721898484001315, 4.412867445312134)"
123,4.133333333333328,LOCKED,15.938347547140188,11.724233627319336,Fog,12.0,0.04,"(-7.089628633849741, 3.70636828095885)","(1.237285888064708, -1.0491411687158365)"
124,4.166666666666662,LOCKED,16.10332545311424,13.455867767333984,Fog,12.0,0.04,"(-6.928203230275534, 3.9999999999999574)","(-1.509791479113808, -0.889414963517881)"
125,4.199999999999995,LOCKED,11.35893458145606,11.191368103027344,Fog,12.0,0.04,"(-6.754623404016151, 4.286614359831926)","(1.8231723069596901, 4.409887581027899)"
126,4.233333333333328,LOCKED,19.71140634862497,10.829448699951172,Fog,12.0,0.04,"(-6.569193673069663, 4.565708541475408)","(-0.5532374150844035, -3.0259252445837026)"
127,4.266666666666661,LOCKED,11.677714765353905,11.776924133300781,Fog,12.0,0.04,"(-6.372239344193603, 4.836792918898955)","(-3.1600516440290263, 2.952171362921357)"
128,4.2999999999999945,LOCKED,22.859997125131514,10.569334030151367,Fog,12.0,0.04,"(-6.164105942206349, 5.099391917989476)","(3.798825161086924, -4.7366630417505)"
129,4.333333333333328,LOCKED,11.9642100138501,10.863065719604492,Fog,12.0,0.04,"(-5.945158603819195, 5.353044850870821)","(-5.201293716537862, 1.1332039650774215)"
130,4.366666666666661,LOCKED,10.371027545461592,10.598421096801758,Fog,12.0,0.04,"(-5.7157814370624695, 5.59730672410688)","(-4.24592106968762, 3.8959702854760963)"
131,4.399999999999994,LOCKED,21.845032178790674,9.864330291748047,Fog,12.0,0.04,"(-5.476376847429553, 5.831749019371251)","(-2.275983912911107, -4.273536804346288)"
132,4.433333333333327,LOCKED,21.57155999711377,10.640382766723633,Fog,12.0,0.04,"(-5.227364831920888, 6.055960445214012)","(5.051645669849403, -4.013619327176662)"
133,4.466666666666661,LOCKED,18.34824429540006,9.478330612182617,Fog,12.0,0.04,"(-4.969182242226535, 6.269547658606677)","(-2.5833590119447734, -4.156639257695296)"
134,4.499999999999994,LOCKED,18.695632210469615,9.724140167236328,Fog,12.0,0.04,"(-4.702282018339838, 6.4721359549995405)","(-4.614119236015741, -5.746223803962719)"
135,4.533333333333327,LOCKED,16.618517868778508,9.554862976074219,Fog,12.0,0.04,"(-4.427132393946807, 6.66336992568076)","(-5.335255090028879, -3.9043023487697677)"
136,4.56666666666666,LOCKED,11.928078234356684,11.21664047241211,Fog,12.0,0.04,"(-4.144216074985097, 6.84291408128402)","(-5.359416808473895, 1.0937257933316546)"
137,4.599999999999993,LOCKED,18.763798492211674,9.733200073242188,Fog,12.0,0.04,"(-3.8540293928137785, 7.010453440350878)","(2.168574321594077, -1.2764345180156607)"
138,4.633333333333327,LOCKED,14.63269277572218,9.727001190185547,Fog,12.0,0.04,"(-3.5570814334794836, 7.165694081915271)","(-2.184106836575407, 0.05431484426676114)"
139,4.66666666666666,LOCKED,15.63035800136856,9.84811782836914,Fog,12.0,0.04,"(-3.253893144606466, 7.3083636611407785)","(4.500059306815302, 4.213579521866471)"
140,4.699999999999993,LOCKED,20.778011860344332,9.766578674316406,Fog,12.0,0.04,"(-2.9449964214774886, 7.438211887105986)","(-5.478299255846497, -3.822019084841711)"
141,4.733333333333326,LOCKED,19.2234617156237,9.649276733398438,Fog,12.0,0.04,"(-2.6309331739087316, 7.555010961899826)","(-3.159061546747248, -3.007349090013458)"
142,4.7666666666666595,LOCKED,18.381721604579674,10.645866394042969,Fog,12.0,0.04,"(-2.312254375555846, 7.658555980256516)","(0.8547918209132721, -1.0048508915616932)"
143,4.799999999999993,LOCKED,16.4383107355195,10.775089263916016,Fog,12.0,0.04,"(-1.9895190973189116, 7.74866528902903)","(-5.408950560868872, -1.5166303384851414)"
144,4.833333333333326,LOCKED,21.56098870848758,12.21776008605957,Fog,12.0,0.04,"(-1.6632935265421485, 7.8251808058704295)","(0.28503538461164624, -4.779937165155408)"
145,4.866666666666659,LOCKED,23.250458980463733,10.265350341796875,Fog,12.0,0.04,"(-1.334149973728892, 7.8879682965640265)","(4.0015026454627165, -5.376457602418749)"
146,4.899999999999992,LOCKED,21.707550396391042,11.309623718261719,Fog,12.0,0.04,"(-1.002665868514515, 7.936917610515812)","(5.098102428216745, -4.810642301041494)"
147,4.933333333333326,LOCKED,11.265471915225772,10.732173919677734,Fog,12.0,0.04,"(-0.6694227466586047, 7.971942873996028)","(4.122899419173033, 4.831837727131404)"
148,4.966666666666659,LOCKED,14.15587083858772,9.912252426147461,Fog,12.0,0.04,"(-0.33500522983367753, 7.9929826407908635)","(5.754848167039112, 3.6243105632831227)"
149,4.999999999999992,LOCKED,17.2912237916961,9.715557098388672,Fog,12.0,0.04,"(-8.011913581224678e-14, 8.0)","(3.3537304892559465, 1.709799311946572)"
150,5.033333333333325,LOCKED,23.013688941093346,10.123491287231445,Fog,12.0,0.04,"(0.33500522983351033, 7.992982640790871)","(3.3479562549375483, -4.385373499042235)"
151,5.066666666666658,LOCKED,17.576934203130968,9.760856628417969,Fog,12.0,0.04,"(0.6694227466584379, 7.971942873996042)","(0.4328164313716476, 0.17067444228497308)"
152,5.099999999999992,LOCKED,18.65502172371821,12.026786804199219,Fog,12.0,0.04,"(1.0026658685143488, 7.936917610515834)","(4.29086572947069, -0.4464076128778096)"
153,5.133333333333325,LOCKED,15.867971222215534,13.595104217529297,Fog,12.0,0.04,"(1.334149973728734, 7.887968296564054)","(-1.3789260467957583, 1.6747592548453216)"
154,5.166666666666658,LOCKED,23.146066073677545,14.132261276245117,Fog,12.0,0.04,"(1.6632935265419917, 7.825180805870462)","(-2.8024401899898472, -4.322779068552517)"
155,5.199999999999991,LOCKED,18.57562299341793,14.270782470703125,Fog,12.0,0.04,"(1.9895190973187495, 7.748665289029072)","(-0.2654727117150504, -0.9973275768613803)"
156,5.2333333333333245,LOCKED,19.539679666144437,10.91766357421875,Fog,12.0,0.04,"(2.3122543755556855, 7.658555980256565)","(-3.2091607136535156, -1.5898582786184638)"
157,5.266666666666658,LOCKED,19.995560864222682,10.9100341796875,Fog,12.0,0.04,"(2.63093317390858, 7.555010961899878)","(-1.603290602085031, -2.0700532270494545)"
158,5.299999999999991,LOCKED,15.931692640182737,10.618209838867188,Fog,12.0,0.04,"(2.94499642147734, 7.4382118871060445)","(-1.4464310432768528, 2.2289201454713456)"
159,5.333333333333324,LOCKED,12.783905872854605,10.724544525146484,Fog,12.0,0.04,"(3.2538931446063133, 7.308363661140847)","(-2.4374823051445764, 5.386295120584085)"
160,5.366666666666657,LOCKED,21.935109892403254,10.349750518798828,Fog,12.0,0.04,"(3.5570814334793335, 7.165694081915346)","(4.996176234458135, -0.22907486039905756)"
161,5.399999999999991,LOCKED,19.7409840282521,11.150360107421875,Fog,12.0,0.04,"(3.854029392813638, 7.010453440350955)","(-2.0596655399437345, 0.4252174779600377)"
162,5.433333333333324,LOCKED,18.23137549041776,12.134552001953125,Fog,12.0,0.04,"(4.14421607498496, 6.8429140812841025)","(4.182725865283494, 1.8310480867212249)"
163,5.466666666666657,LOCKED,19.592692833434608,10.505914688110352,Fog,12.0,0.04,"(4.427132393946668, 6.663369925680852)","(3.652701935364929, 0.39266731278888223)"
164,5.49999999999999,LOCKED,22.83419559625413,10.546684265136719,Fog,12.0,0.04,"(4.7022820183397025, 6.472135954999639)","(1.5950115512114493, -2.5421326298104594)"
165,5.5333333333333234,LOCKED,22.04313903043964,10.540246963500977,Fog,12.0,0.04,"(4.969182242226403, 6.269547658606781)","(2.8187179477234885, -3.57114488249138)"
166,5.566666666666657,LOCKED,14.01492533109002,10.247230529785156,Fog,12.0,0.04,"(5.2273648319207675, 6.055960445214117)","(2.337577545821979, 4.32862881991073)"
167,5.59999999999999,LOCKED,19.24620611078701,9.92727279663086,Fog,12.0,0.04,"(5.476376847429431, 5.831749019371365)","(-4.414765952381472, 1.3725568865030375)"
168,5.633333333333323,LOCKED,18.066240394123096,10.09821891784668,Fog,12.0,0.04,"(5.715781437062352, 5.597306724107)","(-4.858851021240785, 2.708587539257122)"
169,5.666666666666656,LOCKED,15.55259165057411,11.219501495361328,Fog,12.0,0.04,"(5.945158603819083, 5.353044850870945)","(-4.986081374117758, 5.231277872407512)"
170,5.6999999999999895,LOCKED,16.421856746274656,9.769439697265625,Fog,12.0,0.04,"(6.1641059422062465, 5.0993919179896)","(-4.351104839546374, 5.506562950908965)"
171,5.733333333333323,LOCKED,21.496782670690273,10.159015655517578,Fog,12.0,0.04,"(6.372239344193506, 4.836792918899083)","(3.61061011302116, 1.1241840535962488)"
172,5.766666666666656,LOCKED,19.181413774211062,10.066509246826172,Fog,12.0,0.04,"(6.569193673069568, 4.565708541475545)","(3.3914892555545624, 3.54137806779703)"
173,5.799999999999989,LOCKED,25.75933800809448,9.870529174804688,Fog,12.0,0.04,"(6.754623404016061, 4.286614359832067)","(5.352324753807963, -2.9593997539297536)"
174,5.833333333333322,LOCKED,25.17482545390256,14.704704284667969,Fog,12.0,0.04,"(6.928203230275454, 4.000000000000096)","(1.0809107442997101, -4.859409629227185)"
175,5.866666666666656,LOCKED,21.69663485598468,10.77413558959961,Fog,12.0,0.04,"(7.089628633849666, 3.706368280958992)","(1.3939884002894551, -3.9445043508865343)"
176,5.899999999999989,LOCKED,16.618815190913985,10.839462280273438,Fog,12.0,0.04,"(7.238616419728106, 3.4062343325206874)","(0.7794073376693023, 0.8691661684061964)"
177,5.933333333333322,LOCKED,18.664517828914253,13.809919357299805,Fog,12.0,0.04,"(7.374905212707959, 3.100124691616932)","(-0.408178164225272, 0.2715813061574739)"
178,5.966666666666655,LOCKED,14.250530643984208,11.985063552856445,Fog,12.0,0.04,"(7.498255915935092, 2.788576378574631)","(3.1670806800790547, 3.5909365981448005)"
179,5.9999999999999885,LOCKED,18.473333175339775,13.2904052734375,Fog,12.0,0.04,"(7.608452130361193, 2.4721359549996897)","(-0.09416141309485049, 1.1951212982713475)"
180,6.033333333333322,LOCKED,23.677297774306954,12.175321578979492,Fog,12.0,0.04,"(7.705300534381232, 2.1513585649222438)","(5.174834828281222, -4.563196937986526)"
181,6.066666666666655,LOCKED,24.60248698577757,11.960506439208984,Fog,12.0,0.04,"(7.788631222985254, 1.826806960885365)","(-4.594757209198674, -4.947491857070779)"
182,6.099999999999988,LOCKED,17.40484800994827,14.406681060791016,Fog,12.0,0.04,"(7.858298005829487, 1.4990505166859167)","(1.8943594204863334, -0.9767003905154468)"
183,6.133333333333321,LOCKED,13.96116631245844,13.897180557250977,Fog,12.0,0.04,"(7.914178663703889, 1.1686642284994129)","(3.291856993702119, 2.054776959703112)"
184,6.1666666666666545,LOCKED,13.52644143507907,14.16921615600586,Fog,12.0,0.04,"(7.956175162946173, 0.836227706141355)","(-1.996346900061142, 4.780398568338429)"
185,6.199999999999988,LOCKED,21.54844148634067,14.31894302368164,Fog,12.0,0.04,"(7.9842138274261645, 0.5023241562346342)","(3.1503857648478277, -2.7535807090778914)"
186,6.233333333333321,LOCKED,20.788464701070428,15.635013580322266,Fog,12.0,0.04,"(7.998245467798761, 0.16753935906698267)","(-1.6296957867353523, -2.2267202375488453)"
187,6.266666666666654,LOCKED,23.271494580159427,14.59956169128418,Fog,12.0,0.04,"(7.998245467798767, -0.16753935906672915)","(-4.108660216500004, -4.226599529493701)"
188,6.299999999999987,LOCKED,16.23776461893887,15.741825103759766,Fog,12.0,0.04,"(7.9842138274261805, -0.5023241562343812)","(5.233529560508929, -0.7451515536149609)"
189,6.333333333333321,LOCKED,13.59382885888576,12.330055236816406,Fog,12.0,0.04,"(7.9561751629462005, -0.8362277061410958)","(-1.4001621266710824, 2.7562285041285346)"
190,6.366666666666654,LOCKED,11.778641560940212,10.904788970947266,Fog,12.0,0.04,"(7.914178663703926, -1.168664228499162)","(0.6359167830347996, 5.233679842061546)"
191,6.399999999999987,LOCKED,18.609961502242083,10.04791259765625,Fog,12.0,0.04,"(7.8582980058295355, -1.4990505166856605)","(3.3636179269127062, -0.24756523050551582)"
192,6.43333333333332,LOCKED,14.129295739125824,9.848356246948242,Fog,12.0,0.04,"(7.7886312229853125, -1.826806960885118)","(-1.4836863182300855, 5.839578539091864)"
193,6.4666666666666535,LOCKED,12.714266868249176,10.566234588623047,Fog,12.0,0.04,"(7.705300534381302, -2.151358564921993)","(2.6131228320437216, 5.414335920046094)"
194,6.499999999999987,LOCKED,16.945990257988214,10.616302490234375,Fog,12.0,0.04,"(7.608452130361269, -2.4721359549994553)","(-4.578257073395504, 4.206404150289391)"
195,6.53333333333332,LOCKED,23.870408694780437,10.482311248779297,Fog,12.0,0.04,"(7.49825591593518, -2.788576378574393)","(1.6448866078944908, -4.536939859978649)"
196,6.566666666666653,LOCKED,15.102730450122921,10.483264923095703,Fog,12.0,0.04,"(7.37490521270806, -3.100124691616691)","(1.0590959996306477, 2.2331563812653847)"
197,6.599999999999986,LOCKED,21.154454899088936,10.88261604309082,Fog,12.0,0.04,"(7.238616419728214, -3.406234332520458)","(-5.852367769336766, -0.5481844578990414)"
198,6.6333333333333195,LOCKED,17.730884469264513,9.87696647644043,Fog,12.0,0.04,"(7.089628633849784, -3.7063682809587672)","(3.9047941343558534, -2.4556916958709216)"
199,6.666666666666653,LOCKED,15.107287234373752,10.091304779052734,Fog,12.0,0.04,"(6.928203230275584, -3.9999999999998703)","(-0.49742301841738623, -0.6922304751852817)"
200,6.699999999999986,LOCKED,12.530453024698312,9.736776351928711,Fog,12.0,0.04,"(6.754623404016197, -4.286614359831853)","(-2.376871302690101, 5.021302746186651)"
201,6.733333333333319,LOCKED,19.12173528067079,10.312557220458984,Fog,12.0,0.04,"(6.569193673069717, -4.565708541475331)","(3.3755284251781905, -4.672939068046674)"
202,6.766666666666652,LOCKED,8.018548265343119,10.089874267578125,Fog,12.0,0.04,"(6.372239344193655, -4.836792918898887)","(5.964415894050877, 4.550400291692943)"
203,6.799999999999986,LOCKED,15.118272050917065,10.5133056640625,Fog,12.0,0.04,"(6.164105942206408, -5.099391917989404)","(-2.5930987456315324, 4.042758955931259)"
204,6.833333333333319,LOCKED,15.682107588481761,9.775400161743164,Fog,12.0,0.04,"(5.945158603819257, -5.353044850870751)","(-4.722965617543405, 5.989256765690865)"
205,6.866666666666652,LOCKED,14.220732331078038,11.560440063476562,Fog,12.0,0.04,"(5.71578143706253, -5.597306724106819)","(1.9882168332784431, 1.8015001867055638)"
206,6.899999999999985,LOCKED,15.791628295274371,12.362241744995117,Fog,12.0,0.04,"(5.476376847429621, -5.831749019371187)","(-4.914711276190407, 4.764400786759502)"
207,6.9333333333333185,LOCKED,22.01971942067259,10.888814926147461,Fog,12.0,0.04,"(5.227364831920954, -6.055960445213956)","(-5.652005961546367, -3.1100633035062355)"
208,6.966666666666652,LOCKED,13.406543749175766,10.78653335571289,Fog,12.0,0.04,"(4.969182242226602, -6.269547658606624)","(-4.28373749800038, 3.3212152883066217)"
209,6.999999999999985,LOCKED,12.608058240207967,10.105609893798828,Fog,12.0,0.04,"(4.702282018339914, -6.472135954999486)","(-3.6215492734452255, 4.927658725570623)"
210,7.033333333333318,LOCKED,18.889788599352904,9.957313537597656,Fog,12.0,0.04,"(4.427132393946879, -6.663369925680712)","(1.8752284719298817, -5.566047474063645)"
211,7.066666666666651,LOCKED,20.80616302265452,11.415243148803711,Fog,12.0,0.04,"(4.144216074985177, -6.842914081283971)","(-5.9348419904555945, -5.380104995827213)"
212,7.0999999999999845,LOCKED,6.257235260760193,10.130167007446289,Fog,12.0,0.04,"(3.8540293928138665, -7.01045344035083)","(1.2711021317727322, 3.6177817303129842)"
213,7.133333333333318,LOCKED,12.274533423107442,9.607791900634766,Fog,12.0,0.04,"(3.557081433479561, -7.165694081915233)","(-3.1373661524713383, 4.192906115076875)"
214,7.166666666666651,LOCKED,13.733288500137656,9.979009628295898,Fog,12.0,0.04,"(3.2538931446065513, -7.30836366114074)","(-5.313216718160875, 3.611566243700114)"
215,7.199999999999984,LOCKED,7.786419138270426,10.31041145324707,Fog,12.0,0.04,"(2.944996421477569, -7.438211887105954)","(5.133545162067364, 3.265300789252567)"
216,7.233333333333317,LOCKED,9.04900569043308,9.678840637207031,Fog,12.0,0.04,"(2.63093317390882, -7.555010961899795)","(2.377449407743647, 4.055762623864597)"
217,7.266666666666651,LOCKED,20.769396556641336,9.771108627319336,Fog,12.0,0.04,"(2.312254375555935, -7.658555980256489)","(-5.518184405435203, -3.5786146713713354)"
218,7.299999999999984,LOCKED,14.290602788713635,9.905338287353516,Fog,12.0,0.04,"(1.9895190973189953, -7.748665289029009)","(-4.5009158483322835, 0.054371882315837894)"
219,7.333333333333317,LOCKED,8.546659899521595,9.625434875488281,Fog,12.0,0.04,"(1.6632935265422397, -7.82518080587041)","(2.9422575399461337, 1.5601421349167843)"
220,7.36666666666665,LOCKED,12.03532875751883,10.003089904785156,Fog,12.0,0.04,"(1.334149973728977, -7.887968296564012)","(4.213573197143219, -4.137444090706909)"
221,7.3999999999999835,LOCKED,12.328845569481157,10.627985000610352,Fog,12.0,0.04,"(1.0026658685146004, -7.936917610515802)","(2.815453103221939, -3.683502109573151)"
222,7.433333333333317,LOCKED,14.736531387741406,9.758472442626953,Fog,12.0,0.04,"(0.6694227466586977, -7.97194287399602)","(-2.750894984186397, 2.5188563673756477)"
223,7.46666666666665,LOCKED,5.989797931194259,10.052680969238281,Fog,12.0,0.04,"(0.33500522983376374, -7.99298264079086)","(5.762457418784182, 1.338523271724835)"
224,7.499999999999983,LOCKED,18.173096014769847,9.753704071044922,Fog,12.0,0.04,"(1.734694089003777e-13, -8.0)","(-5.345996220104453, 1.3957076391303938)"
225,7.533333333333316,LOCKED,15.675893599480652,10.469675064086914,Fog,12.0,0.04,"(-0.3350052298334171, -7.992982640790874)","(-5.491793381037995, 4.609748536401806)"
226,7.5666666666666496,LOCKED,11.535165799473926,10.421037673950195,Fog,12.0,0.04,"(-0.669422746658352, -7.971942873996049)","(2.5149394212074476, -3.9224658429299613)"
227,7.599999999999983,LOCKED,16.588104309290046,11.05642318725586,Fog,12.0,0.04,"(-1.0026658685142562, -7.936917610515845)","(-4.899347930109624, -3.7976012534361723)"
228,7.633333333333316,LOCKED,4.764064742557191,9.818792343139648,Fog,12.0,0.04,"(-1.3341499737286489, -7.887968296564068)","(5.7603261546503095, -0.49727229049812216)"
229,7.666666666666649,LOCKED,8.163010732496264,9.992837905883789,Fog,12.0,0.04,"(-1.6632935265419002, -7.825180805870482)","(3.4089713800968955, 1.6369001052933223)"
230,7.699999999999982,LOCKED,13.488355629702198,9.701967239379883,Fog,12.0,0.04,"(-1.9895190973186592, -7.748665289029095)","(0.8689577995036482, -4.258436944019404)"
231,7.733333333333316,LOCKED,7.127870698050524,9.839534759521484,Fog,12.0,0.04,"(-2.312254375555603, -7.6585559802565895)","(5.352293442697141, -2.383888409823385)"
232,7.766666666666649,LOCKED,13.360502250340877,10.378837585449219,Fog,12.0,0.04,"(-2.6309331739084922, -7.555010961899909)","(0.9362065896905065, 2.3973113350687925)"
233,7.799999999999982,LOCKED,12.538862375750956,12.11690902709961,Fog,12.0,0.04,"(-2.9449964214772595, -7.4382118871060765)","(1.7907978629437071, 5.287132916346222)"
234,7.833333333333315,LOCKED,16.903524929365183,10.689973831176758,Fog,12.0,0.04,"(-3.2538931446062342, -7.3083636611408815)","(-4.218732120959304, 0.10023286136330434)"
235,7.8666666666666485,LOCKED,12.539766711102269,10.671854019165039,Fog,12.0,0.04,"(-3.55708143347925, -7.165694081915388)","(-1.1515873111108084, -0.3099752462085821)"
236,7.899999999999982,LOCKED,16.575665262382856,13.381481170654297,Fog,12.0,0.04,"(-3.8540293928135627, -7.010453440350997)","(-4.569389685627065, -4.390864681526816)"
237,7.933333333333315,LOCKED,13.45186849770391,16.626358032226562,Fog,12.0,0.04,"(-4.14421607498488, -6.8429140812841505)","(-2.6630934506249115, -2.3435447548700243)"
238,7.966666666666648,LOCKED,11.226975557700253,20.621299743652344,Fog,12.0,0.04,"(-4.427132393946589, -6.663369925680904)","(-0.8651614358238007, 1.3318505644395398)"
239,7.999999999999981,LOCKED,8.068304722056856,32.46283531188965,Fog,12.0,0.04,"(-4.702282018339633, -6.47213595499969)","(1.615549409019156, -1.058269240973157)"
240,8.033333333333315,LOCKED,13.1689699045374,22.422313690185547,Fog,12.0,0.04,"(-4.969182242226341, -6.269547658606831)","(-1.0946026868556347, -3.3884576796364563)"
241,8.066666666666649,LOCKED,10.743560369603914,23.041725158691406,Fog,12.0,0.04,"(-5.227364831920702, -6.055960445214174)","(1.059674980908099, -2.1955090641931454)"
242,8.099999999999982,LOCKED,17.871763358748723,15.82646369934082,Fog,12.0,0.04,"(-5.476376847429378, -5.831749019371415)","(-5.567281988671636, -0.9791994701176758)"
243,8.133333333333315,LOCKED,10.674837918784988,16.61515235900879,Fog,12.0,0.04,"(-5.715781437062297, -5.597306724107057)","(-0.3104078989179566, -3.292885581549468)"
244,8.166666666666648,LOCKED,11.597436122351649,17.27581024169922,Fog,12.0,0.04,"(-5.945158603819025, -5.353044850871009)","(0.8694951974653886, 0.7892628051830517)"
245,8.199999999999982,LOCKED,11.00602341662277,18.069028854370117,Fog,12.0,0.04,"(-6.164105942206196, -5.09939191798966)","(2.4240261733244566, 1.7753817864145205)"
246,8.233333333333315,LOCKED,10.603550984801508,17.374753952026367,Fog,12.0,0.04,"(-6.372239344193455, -4.836792918899151)","(1.8291966782523783, -2.2054301781114827)"
247,8.266666666666648,LOCKED,11.135574235628189,15.461206436157227,Fog,12.0,0.04,"(-6.5691936730695195, -4.565708541475616)","(3.449186663831446, 0.5897326031961532)"
248,8.299999999999981,LOCKED,15.792373453095545,14.371395111083984,Fog,12.0,0.04,"(-6.7546234040160185, -4.286614359832134)","(-0.8229816578413187, 1.5121497712926857)"
249,8.333333333333314,LOCKED,15.925525961117144,19.13285255432129,Fog,12.0,0.04,"(-6.92820323027541, -4.000000000000171)","(-1.6721119865969492, 0.15287093528109885)"
250,8.366666666666648,LOCKED,14.168687513479323,14.753341674804688,Fog,12.0,0.04,"(-7.08962863384963, -3.706368280959062)","(2.8404682617866435, 4.6368346406844925)"
251,8.39999999999998,LOCKED,9.198688469750966,13.508796691894531,Fog,12.0,0.04,"(-7.238616419728072, -3.406234332520759)","(5.0526863675423, 0.04359510219719098)"
252,8.433333333333314,LOCKED,15.919927505746614,13.835906982421875,Fog,12.0,0.04,"(-7.374905212707925, -3.1001246916170113)","(0.24330137688682907, 3.598444929166037)"
253,8.466666666666647,LOCKED,20.06899911516942,16.31021499633789,Fog,12.0,0.04,"(-7.498255915935064, -2.7885763785747053)","(-2.226591699069585, 4.048588348140823)"
254,8.49999999999998,LOCKED,13.371166356554305,13.347864151000977,Fog,12.0,0.04,"(-7.608452130361166, -2.472135954999772)","(-0.07030024179091932, -4.609719307976779)"
255,8.533333333333314,LOCKED,21.270051782896985,14.698982238769531,Fog,12.0,0.04,"(-7.705300534381213, -2.151358564922313)","(-5.135290235124676, 4.103918532473557)"
256,8.566666666666647,LOCKED,18.395912204418874,12.634515762329102,Fog,12.0,0.04,"(-7.788631222985236, -1.826806960885442)","(-5.333184997117465, -2.632662766396129)"
257,8.59999999999998,LOCKED,12.976090770360711,13.038158416748047,Fog,12.0,0.04,"(-7.858298005829471, -1.4990505166860013)","(-1.9904395139814497, -3.9240666577008745)"
258,8.633333333333313,LOCKED,17.55230083881069,11.962890625,Fog,12.0,0.04,"(-7.914178663703877, -1.1686642284994913)","(-2.2332795623761292, 2.9123108007010288)"
259,8.666666666666647,LOCKED,20.397312766315682,14.320611953735352,Fog,12.0,0.04,"(-7.956175162946165, -0.8362277061414337)","(-5.823805877279151, 3.9260810942482376)"
260,8.69999999999998,LOCKED,8.415267323267672,13.828516006469727,Fog,12.0,0.04,"(-7.984213827426159, -0.5023241562347203)","(4.278576282894697, -1.5328611217014219)"
261,8.733333333333313,LOCKED,18.80845566713217,12.659311294555664,Fog,12.0,0.04,"(-7.99824546779876, -0.1675393590670618)","(-4.156645211272382, 1.2100848953409704)"
262,8.766666666666646,LOCKED,17.125689861511333,13.597726821899414,Fog,12.0,0.04,"(-7.998245467798768, 0.1675393590666429)","(-4.563929329621268, -1.6209676670609703)"
263,8.79999999999998,LOCKED,16.454077413903622,14.24407958984375,Fog,12.0,0.04,"(-7.984213827426186, 0.5023241562343022)","(5.50115017081167, 5.945573671003645)"
264,8.833333333333313,LOCKED,11.268331381368196,14.254093170166016,Fog,12.0,0.04,"(-7.9561751629462085, 0.836227706141017)","(3.265258696255028, -2.2684618809508055)"
265,8.866666666666646,LOCKED,17.69998666369651,16.98160171508789,Fog,12.0,0.04,"(-7.914178663703939, 1.1686642284990767)","(2.25198058999311, 2.464876385808152)"
266,8.899999999999979,LOCKED,19.0957046691061,11.792898178100586,Fog,12.0,0.04,"(-7.858298005829549, 1.4990505166855899)","(-1.3458996580362026, 1.6906636150339125)"
267,8.933333333333312,LOCKED,20.575125114744978,13.695955276489258,Fog,12.0,0.04,"(-7.788631222985332, 1.8268069608850341)","(-5.871268260291885, -3.4913080967731025)"
268,8.966666666666645,LOCKED,12.969738578768848,17.781496047973633,Fog,12.0,0.04,"(-7.705300534381322, 2.151358564921923)","(0.30105963560713356, -4.0349843489004495)"
269,8.999999999999979,LOCKED,23.208565346024262,16.39533042907715,Fog,12.0,0.04,"(-7.608452130361296, 2.472135954999373)","(-4.009117585481596, 4.035651486602855)"
270,9.033333333333312,LOCKED,13.895228116340295,14.771461486816406,Fog,12.0,0.04,"(-7.49825591593521, 2.7885763785743123)","(5.869596032203265, 0.6716331363413808)"
271,9.066666666666645,LOCKED,20.598010753354824,12.766122817993164,Fog,12.0,0.04,"(-7.374905212708088, 3.100124691616625)","(4.06883677058056, 5.883859971915271)"
272,9.099999999999978,LOCKED,24.80632285698044,11.697053909301758,Fog,12.0,0.04,"(-7.238616419728251, 3.40623433252038)","(-4.300849337174704, -0.621052640947787)"
273,9.133333333333312,LOCKED,15.59029170193055,11.693239212036133,Fog,12.0,0.04,"(-7.089628633849824, 3.706368280958691)","(-1.2891274098969614, -5.03940859624578)"
274,9.166666666666645,LOCKED,15.759219069137657,17.944812774658203,Fog,12.0,0.04,"(-6.92820323027562, 3.999999999999808)","(3.063962073536933, -0.7946516721288841)"
275,9.199999999999978,LOCKED,16.99650360648792,13.980865478515625,Fog,12.0,0.04,"(-6.754623404016243, 4.2866143598317805)","(-0.3680767897151842, -4.191924314241118)"
276,9.233333333333311,LOCKED,26.497041193967114,14.973878860473633,Fog,12.0,0.04,"(-6.569193673069758, 4.5657085414752725)","(-3.8288801732295825, 4.885243465874581)"
277,9.266666666666644,LOCKED,20.62174084783694,16.23821258544922,Fog,12.0,0.04,"(-6.372239344193708, 4.8367929188988175)","(-5.464210932308653, -3.205772580675525)"
278,9.299999999999978,LOCKED,19.701759678339506,13.063192367553711,Fog,12.0,0.04,"(-6.164105942206463, 5.099391917989338)","(-2.4952880362256598, -0.11762949118096344)"
279,9.33333333333331,LOCKED,18.08900329504094,13.528585433959961,Fog,12.0,0.04,"(-5.945158603819305, 5.353044850870697)","(1.0373420761775511, -0.08052028979200099)"
280,9.366666666666644,LOCKED,20.80659960074559,11.75832748413086,Fog,12.0,0.04,"(-5.7157814370625895, 5.5973067241067564)","(-4.990615985317415, -3.0759905513314374)"
281,9.399999999999977,LOCKED,19.21449658825991,13.456106185913086,Fog,12.0,0.04,"(-5.476376847429673, 5.831749019371138)","(4.123060617150493, 1.6510644057415087)"
282,9.43333333333331,LOCKED,21.047721766018437,13.817071914672852,Fog,12.0,0.04,"(-5.227364831921019, 6.0559604452139)","(1.789788601611292, 2.042439064216259)"
283,9.466666666666644,LOCKED,14.838951510708336,11.253595352172852,Fog,12.0,0.04,"(-4.96918224222667, 6.26954765860657)","(3.1548362284743483, -5.302698219342632)"
284,9.499999999999977,LOCKED,23.573887466156588,12.209415435791016,Fog,12.0,0.04,"(-4.702282018339972, 6.472135954999444)","(-1.600699380808651, 0.4743292231401437)"
285,9.53333333333331,LOCKED,26.9893387057712,11.520147323608398,Fog,12.0,0.04,"(-4.427132393946951, 6.663369925680664)","(-1.9385222004320877, 4.133746479446238)"
286,9.566666666666643,LOCKED,22.53807678449303,11.571168899536133,Fog,12.0,0.04,"(-4.144216074985251, 6.842914081283927)","(-0.2091298969524722, 3.22353107351255)"
287,9.599999999999977,LOCKED,17.42531800394603,12.106657028198242,Fog,12.0,0.04,"(-3.8540293928139295, 7.010453440350795)","(4.224186202574028, 0.05749779484197681)"
288,9.63333333333331,LOCKED,17.718937880811414,12.104034423828125,Fog,12.0,0.04,"(-3.557081433479638, 7.165694081915195)","(4.914626926456199, 1.045487286443767)"
289,9.666666666666643,LOCKED,16.67138792386703,11.718034744262695,Fog,12.0,0.04,"(-3.253893144606617, 7.308363661140711)","(4.20329158600466, -1.9129104529017091)"
290,9.699999999999976,LOCKED,23.5070820361867,12.224674224853516,Fog,12.0,0.04,"(-2.9449964214776494, 7.438211887105922)","(-0.01419649762217734, 0.37693249205493196)"
291,9.73333333333331,LOCKED,24.784459422264696,11.037588119506836,Fog,12.0,0.04,"(-2.6309331739089012, 7.555010961899766)","(-4.740243409247153, -1.2173699195815129)"
292,9.766666666666643,LOCKED,20.28171350199439,10.967254638671875,Fog,12.0,0.04,"(-2.312254375556004, 7.658555980256469)","(5.0080520706201135, 1.5699868843769087)"
293,9.799999999999976,LOCKED,24.519044243060968,12.703418731689453,Fog,12.0,0.04,"(-1.9895190973190788, 7.748665289028987)","(-3.86992101075639, -1.9337323726847409)"
294,9.833333333333309,LOCKED,21.598581930492454,11.184215545654297,Fog,12.0,0.04,"(-1.663293526542324, 7.825180805870392)","(-3.700763884047602, -5.7021224184171295)"
295,9.866666666666642,LOCKED,20.16949069382107,11.15560531616211,Fog,12.0,0.04,"(-1.334149973729062, 7.887968296563998)","(5.12952550204832, -0.6215120609175422)"
296,9.899999999999975,LOCKED,26.30188400564487,17.92001724243164,Fog,12.0,0.04,"(-1.0026658685146859, 7.936917610515791)","(-2.309579130950566, 1.1817262986928387)"
297,9.933333333333309,LOCKED,25.721635898419894,13.811349868774414,Fog,12.0,0.04,"(-0.6694227466587694, 7.971942873996014)","(-5.912226524483812, -2.663734720790234)"
298,9.966666666666642,LOCKED,22.33868030941805,12.530803680419922,Fog,12.0,0.04,"(-0.3350052298338499, 7.992982640790856)","(2.436401588386712, 1.605237276831156)"
299,9.999999999999975,LOCKED,21.92066195959446,11.859655380249023,Fog,12.0,0.04,"(-2.597142546309076e-13, 8.0)","(5.781671370510425, 1.444292515896528)"
